<?xml version="1.0" encoding="UTF-8"?><TaskState connectorKind="bugzilla" repositoryUrl="https://bugs.eclipse.org/bugs" taskId="" version="2.0">
<NewData connectorKind="bugzilla" repositoryUrl="https://bugs.eclipse.org/bugs" taskId="" version="4.8">
<Attributes>
<Attribute id="root">
<values/>
<options/>
<MetaData/>
<Attributes>
<Attribute id="product">
<values>
<value>4DIAC</value>
</values>
<options>
<option>
<key>4DIAC</key>
<value>4DIAC</value>
</option>
<option>
<key>ACTF</key>
<value>ACTF</value>
</option>
<option>
<key>AJDT</key>
<value>AJDT</value>
</option>
<option>
<key>AMP</key>
<value>AMP</value>
</option>
<option>
<key>ATF</key>
<value>ATF</value>
</option>
<option>
<key>Acceleo</key>
<value>Acceleo</value>
</option>
<option>
<key>Agail</key>
<value>Agail</value>
</option>
<option>
<key>Amalgam</key>
<value>Amalgam</value>
</option>
<option>
<key>App4mc</key>
<value>App4mc</value>
</option>
<option>
<key>Apricot</key>
<value>Apricot</value>
</option>
<option>
<key>AspectJ</key>
<value>AspectJ</value>
</option>
<option>
<key>BIRT</key>
<value>BIRT</value>
</option>
<option>
<key>BPEL</key>
<value>BPEL</value>
</option>
<option>
<key>BPMN2Modeler</key>
<value>BPMN2Modeler</value>
</option>
<option>
<key>Babel</key>
<value>Babel</value>
</option>
<option>
<key>Buckminster</key>
<value>Buckminster</value>
</option>
<option>
<key>Buildship</key>
<value>Buildship</value>
</option>
<option>
<key>CBI</key>
<value>CBI</value>
</option>
<option>
<key>CDT</key>
<value>CDT</value>
</option>
<option>
<key>CFT</key>
<value>CFT</value>
</option>
<option>
<key>Californium</key>
<value>Californium</value>
</option>
<option>
<key>Camf</key>
<value>Camf</value>
</option>
<option>
<key>Capra</key>
<value>Capra</value>
</option>
<option>
<key>Ceylon</key>
<value>Ceylon</value>
</option>
<option>
<key>Che</key>
<value>Che</value>
</option>
<option>
<key>Chemclipse</key>
<value>Chemclipse</value>
</option>
<option>
<key>Collections</key>
<value>Collections</value>
</option>
<option>
<key>Community</key>
<value>Community</value>
</option>
<option>
<key>DAWNsci</key>
<value>DAWNsci</value>
</option>
<option>
<key>DLTK</key>
<value>DLTK</value>
</option>
<option>
<key>Dali JPA Tools</key>
<value>Dali JPA Tools</value>
</option>
<option>
<key>Damos</key>
<value>Damos</value>
</option>
<option>
<key>Dash</key>
<value>Dash</value>
</option>
<option>
<key>Data Tools</key>
<value>Data Tools</value>
</option>
<option>
<key>Dirigible</key>
<value>Dirigible</value>
</option>
<option>
<key>Ditto</key>
<value>Ditto</value>
</option>
<option>
<key>Drupal</key>
<value>Drupal</value>
</option>
<option>
<key>EATop</key>
<value>EATop</value>
</option>
<option>
<key>EBR</key>
<value>EBR</value>
</option>
<option>
<key>ECF</key>
<value>ECF</value>
</option>
<option>
<key>ECP</key>
<value>ECP</value>
</option>
<option>
<key>EEF</key>
<value>EEF</value>
</option>
<option>
<key>EFM</key>
<value>EFM</value>
</option>
<option>
<key>EGit</key>
<value>EGit</value>
</option>
<option>
<key>EMF</key>
<value>EMF</value>
</option>
<option>
<key>EMF Services</key>
<value>EMF Services</value>
</option>
<option>
<key>EMF.Diffmerge</key>
<value>EMF.Diffmerge</value>
</option>
<option>
<key>EMF.EGF</key>
<value>EMF.EGF</value>
</option>
<option>
<key>EMF.Parsley</key>
<value>EMF.Parsley</value>
</option>
<option>
<key>EMFCompare</key>
<value>EMFCompare</value>
</option>
<option>
<key>EMFStore</key>
<value>EMFStore</value>
</option>
<option>
<key>EMFT</key>
<value>EMFT</value>
</option>
<option>
<key>EMFT.Doc2Model</key>
<value>EMFT.Doc2Model</value>
</option>
<option>
<key>EMFT.Henshin</key>
<value>EMFT.Henshin</value>
</option>
<option>
<key>EMFT.Refactor</key>
<value>EMFT.Refactor</value>
</option>
<option>
<key>EMFT.b3</key>
<value>EMFT.b3</value>
</option>
<option>
<key>EMFT.facet</key>
<value>EMFT.facet</value>
</option>
<option>
<key>EMFT.js4emf</key>
<value>EMFT.js4emf</value>
</option>
<option>
<key>EPF</key>
<value>EPF</value>
</option>
<option>
<key>EPP</key>
<value>EPP</value>
</option>
<option>
<key>ERCP</key>
<value>ERCP</value>
</option>
<option>
<key>Ease</key>
<value>Ease</value>
</option>
<option>
<key>Eavp</key>
<value>Eavp</value>
</option>
<option>
<key>Eclemma</key>
<value>Eclemma</value>
</option>
<option>
<key>EclipseLink</key>
<value>EclipseLink</value>
</option>
<option>
<key>Ecoretools</key>
<value>Ecoretools</value>
</option>
<option>
<key>Edapt</key>
<value>Edapt</value>
</option>
<option>
<key>Efxclipse</key>
<value>Efxclipse</value>
</option>
<option>
<key>Egerrit</key>
<value>Egerrit</value>
</option>
<option>
<key>Elk</key>
<value>Elk</value>
</option>
<option>
<key>Epsilon</key>
<value>Epsilon</value>
</option>
<option>
<key>Equinox</key>
<value>Equinox</value>
</option>
<option>
<key>FMC</key>
<value>FMC</value>
</option>
<option>
<key>Flux</key>
<value>Flux</value>
</option>
<option>
<key>Franca</key>
<value>Franca</value>
</option>
<option>
<key>GEF</key>
<value>GEF</value>
</option>
<option>
<key>GEF3D</key>
<value>GEF3D</value>
</option>
<option>
<key>GMF-Notation</key>
<value>GMF-Notation</value>
</option>
<option>
<key>GMF-Runtime</key>
<value>GMF-Runtime</value>
</option>
<option>
<key>GMF-Tooling</key>
<value>GMF-Tooling</value>
</option>
<option>
<key>GMP</key>
<value>GMP</value>
</option>
<option>
<key>Gemini</key>
<value>Gemini</value>
</option>
<option>
<key>Gemini.Blueprint</key>
<value>Gemini.Blueprint</value>
</option>
<option>
<key>Gemini.DBaccess</key>
<value>Gemini.DBaccess</value>
</option>
<option>
<key>Gemini.JPA</key>
<value>Gemini.JPA</value>
</option>
<option>
<key>Gemini.Management</key>
<value>Gemini.Management</value>
</option>
<option>
<key>Gemini.Naming</key>
<value>Gemini.Naming</value>
</option>
<option>
<key>Gemini.Web</key>
<value>Gemini.Web</value>
</option>
<option>
<key>Gemoc</key>
<value>Gemoc</value>
</option>
<option>
<key>Gendoc</key>
<value>Gendoc</value>
</option>
<option>
<key>Graphiti</key>
<value>Graphiti</value>
</option>
<option>
<key>Gyrex</key>
<value>Gyrex</value>
</option>
<option>
<key>Handly</key>
<value>Handly</value>
</option>
<option>
<key>Hawkbit</key>
<value>Hawkbit</value>
</option>
<option>
<key>Hudson</key>
<value>Hudson</value>
</option>
<option>
<key>Ice</key>
<value>Ice</value>
</option>
<option>
<key>Ignite</key>
<value>Ignite</value>
</option>
<option>
<key>Incubator</key>
<value>Incubator</value>
</option>
<option>
<key>IoTtestware</key>
<value>IoTtestware</value>
</option>
<option>
<key>Iofog</key>
<value>Iofog</value>
</option>
<option>
<key>JDT</key>
<value>JDT</value>
</option>
<option>
<key>JGit</key>
<value>JGit</value>
</option>
<option>
<key>JNoSQL</key>
<value>JNoSQL</value>
</option>
<option>
<key>JSDT</key>
<value>JSDT</value>
</option>
<option>
<key>JWT</key>
<value>JWT</value>
</option>
<option>
<key>Java EE Config</key>
<value>Java EE Config</value>
</option>
<option>
<key>Java Server Faces</key>
<value>Java Server Faces</value>
</option>
<option>
<key>Jetty</key>
<value>Jetty</value>
</option>
<option>
<key>Jubula</key>
<value>Jubula</value>
</option>
<option>
<key>Kapua</key>
<value>Kapua</value>
</option>
<option>
<key>Keti</key>
<value>Keti</value>
</option>
<option>
<key>Krikkit</key>
<value>Krikkit</value>
</option>
<option>
<key>Kura</key>
<value>Kura</value>
</option>
<option>
<key>LDT</key>
<value>LDT</value>
</option>
<option>
<key>Libra</key>
<value>Libra</value>
</option>
<option>
<key>Linux Tools</key>
<value>Linux Tools</value>
</option>
<option>
<key>Lsp4j</key>
<value>Lsp4j</value>
</option>
<option>
<key>Lyo</key>
<value>Lyo</value>
</option>
<option>
<key>M2E-WTP</key>
<value>M2E-WTP</value>
</option>
<option>
<key>M2T</key>
<value>M2T</value>
</option>
<option>
<key>MAT</key>
<value>MAT</value>
</option>
<option>
<key>MDHT</key>
<value>MDHT</value>
</option>
<option>
<key>MDMBL</key>
<value>MDMBL</value>
</option>
<option>
<key>MDMWeb</key>
<value>MDMWeb</value>
</option>
<option>
<key>MDT</key>
<value>MDT</value>
</option>
<option>
<key>MDT.BPMN2</key>
<value>MDT.BPMN2</value>
</option>
<option>
<key>MDT.MoDisco</key>
<value>MDT.MoDisco</value>
</option>
<option>
<key>MDT.RMF</key>
<value>MDT.RMF</value>
</option>
<option>
<key>MDT.UML2</key>
<value>MDT.UML2</value>
</option>
<option>
<key>MDT.XSD</key>
<value>MDT.XSD</value>
</option>
<option>
<key>MMT</key>
<value>MMT</value>
</option>
<option>
<key>MMT.ATL</key>
<value>MMT.ATL</value>
</option>
<option>
<key>MPC</key>
<value>MPC</value>
</option>
<option>
<key>MTJ</key>
<value>MTJ</value>
</option>
<option>
<key>Mangrove</key>
<value>Mangrove</value>
</option>
<option>
<key>Mbeddr</key>
<value>Mbeddr</value>
</option>
<option>
<key>Microprofile</key>
<value>Microprofile</value>
</option>
<option>
<key>Mihini</key>
<value>Mihini</value>
</option>
<option>
<key>Milo</key>
<value>Milo</value>
</option>
<option>
<key>Modeling</key>
<value>Modeling</value>
</option>
<option>
<key>Mylyn</key>
<value>Mylyn</value>
</option>
<option>
<key>Mylyn Builds</key>
<value>Mylyn Builds</value>
</option>
<option>
<key>Mylyn Commons</key>
<value>Mylyn Commons</value>
</option>
<option>
<key>Mylyn Context</key>
<value>Mylyn Context</value>
</option>
<option>
<key>Mylyn Context MFT</key>
<value>Mylyn Context MFT</value>
</option>
<option>
<key>Mylyn Docs</key>
<value>Mylyn Docs</value>
</option>
<option>
<key>Mylyn Docs Intent</key>
<value>Mylyn Docs Intent</value>
</option>
<option>
<key>Mylyn Docs Vex</key>
<value>Mylyn Docs Vex</value>
</option>
<option>
<key>Mylyn Incubator</key>
<value>Mylyn Incubator</value>
</option>
<option>
<key>Mylyn Reviews</key>
<value>Mylyn Reviews</value>
</option>
<option>
<key>Mylyn Reviews R4E</key>
<value>Mylyn Reviews R4E</value>
</option>
<option>
<key>Mylyn Tasks</key>
<value>Mylyn Tasks</value>
</option>
<option>
<key>Mylyn Versions</key>
<value>Mylyn Versions</value>
</option>
<option>
<key>NatTable</key>
<value>NatTable</value>
</option>
<option>
<key>Nebula</key>
<value>Nebula</value>
</option>
<option>
<key>Nebula.incubator</key>
<value>Nebula.incubator</value>
</option>
<option>
<key>OCL</key>
<value>OCL</value>
</option>
<option>
<key>OGEE</key>
<value>OGEE</value>
</option>
<option>
<key>OM2M</key>
<value>OM2M</value>
</option>
<option>
<key>OMR</key>
<value>OMR</value>
</option>
<option>
<key>OSBP</key>
<value>OSBP</value>
</option>
<option>
<key>OSEE</key>
<value>OSEE</value>
</option>
<option>
<key>Objectteams</key>
<value>Objectteams</value>
</option>
<option>
<key>Oomph</key>
<value>Oomph</value>
</option>
<option>
<key>OpenK-platform</key>
<value>OpenK-platform</value>
</option>
<option>
<key>Orbit</key>
<value>Orbit</value>
</option>
<option>
<key>Orion</key>
<value>Orion</value>
</option>
<option>
<key>PDE</key>
<value>PDE</value>
</option>
<option>
<key>PDT</key>
<value>PDT</value>
</option>
<option>
<key>PDT.Incubator</key>
<value>PDT.Incubator</value>
</option>
<option>
<key>PMF</key>
<value>PMF</value>
</option>
<option>
<key>PTP</key>
<value>PTP</value>
</option>
<option>
<key>Package-Drone</key>
<value>Package-Drone</value>
</option>
<option>
<key>Paho</key>
<value>Paho</value>
</option>
<option>
<key>Paho.incubator</key>
<value>Paho.incubator</value>
</option>
<option>
<key>Papyrus</key>
<value>Papyrus</value>
</option>
<option>
<key>Papyrus-rt</key>
<value>Papyrus-rt</value>
</option>
<option>
<key>Papyrus-xtuml</key>
<value>Papyrus-xtuml</value>
</option>
<option>
<key>Platform</key>
<value>Platform</value>
</option>
<option>
<key>Ponte</key>
<value>Ponte</value>
</option>
<option>
<key>QVTd</key>
<value>QVTd</value>
</option>
<option>
<key>QVTo</key>
<value>QVTo</value>
</option>
<option>
<key>RAP</key>
<value>RAP</value>
</option>
<option>
<key>RCPTT</key>
<value>RCPTT</value>
</option>
<option>
<key>RTP</key>
<value>RTP</value>
</option>
<option>
<key>RTSC</key>
<value>RTSC</value>
</option>
<option>
<key>Recommenders</key>
<value>Recommenders</value>
</option>
<option>
<key>Recommenders.Incubator</key>
<value>Recommenders.Incubator</value>
</option>
<option>
<key>Reddeer</key>
<value>Reddeer</value>
</option>
<option>
<key>Remus</key>
<value>Remus</value>
</option>
<option>
<key>Rich Beans</key>
<value>Rich Beans</value>
</option>
<option>
<key>Riena</key>
<value>Riena</value>
</option>
<option>
<key>Risev2g</key>
<value>Risev2g</value>
</option>
<option>
<key>SOA Platform</key>
<value>SOA Platform</value>
</option>
<option>
<key>STEM</key>
<value>STEM</value>
</option>
<option>
<key>SW360</key>
<value>SW360</value>
</option>
<option>
<key>SWTBot</key>
<value>SWTBot</value>
</option>
<option>
<key>Sapphire</key>
<value>Sapphire</value>
</option>
<option>
<key>Scada</key>
<value>Scada</value>
</option>
<option>
<key>Scanning</key>
<value>Scanning</value>
</option>
<option>
<key>Score</key>
<value>Score</value>
</option>
<option>
<key>Scout</key>
<value>Scout</value>
</option>
<option>
<key>Sensinact</key>
<value>Sensinact</value>
</option>
<option>
<key>Simopenpass</key>
<value>Simopenpass</value>
</option>
<option>
<key>Simultaneous Release</key>
<value>Simultaneous Release</value>
</option>
<option>
<key>Sirius</key>
<value>Sirius</value>
</option>
<option>
<key>Sisu</key>
<value>Sisu</value>
</option>
<option>
<key>Skalli</key>
<value>Skalli</value>
</option>
<option>
<key>Smila</key>
<value>Smila</value>
</option>
<option>
<key>Sphinx</key>
<value>Sphinx</value>
</option>
<option>
<key>Stardust</key>
<value>Stardust</value>
</option>
<option>
<key>Statet</key>
<value>Statet</value>
</option>
<option>
<key>Subversive</key>
<value>Subversive</value>
</option>
<option>
<key>Systemfocus</key>
<value>Systemfocus</value>
</option>
<option>
<key>TCF</key>
<value>TCF</value>
</option>
<option>
<key>TMF</key>
<value>TMF</value>
</option>
<option>
<key>TMW</key>
<value>TMW</value>
</option>
<option>
<key>Target Management</key>
<value>Target Management</value>
</option>
<option>
<key>Tea</key>
<value>Tea</value>
</option>
<option>
<key>Technology Top Level</key>
<value>Technology Top Level</value>
</option>
<option>
<key>Texlipse</key>
<value>Texlipse</value>
</option>
<option>
<key>Thym</key>
<value>Thym</value>
</option>
<option>
<key>Tigerstripe</key>
<value>Tigerstripe</value>
</option>
<option>
<key>Tinydtls</key>
<value>Tinydtls</value>
</option>
<option>
<key>Titan</key>
<value>Titan</value>
</option>
<option>
<key>Tm4e</key>
<value>Tm4e</value>
</option>
<option>
<key>Tools</key>
<value>Tools</value>
</option>
<option>
<key>Tracecompass</key>
<value>Tracecompass</value>
</option>
<option>
<key>Tracecompass.Incubator</key>
<value>Tracecompass.Incubator</value>
</option>
<option>
<key>Triquetrum</key>
<value>Triquetrum</value>
</option>
<option>
<key>Tycho</key>
<value>Tycho</value>
</option>
<option>
<key>UMLGen</key>
<value>UMLGen</value>
</option>
<option>
<key>UOMo</key>
<value>UOMo</value>
</option>
<option>
<key>UPR</key>
<value>UPR</value>
</option>
<option>
<key>USSSDK</key>
<value>USSSDK</value>
</option>
<option>
<key>Unide</key>
<value>Unide</value>
</option>
<option>
<key>VTP</key>
<value>VTP</value>
</option>
<option>
<key>Vertx</key>
<value>Vertx</value>
</option>
<option>
<key>Viatra</key>
<value>Viatra</value>
</option>
<option>
<key>Virgo</key>
<value>Virgo</value>
</option>
<option>
<key>Vorto</key>
<value>Vorto</value>
</option>
<option>
<key>WTP Common Tools</key>
<value>WTP Common Tools</value>
</option>
<option>
<key>WTP EJB Tools</key>
<value>WTP EJB Tools</value>
</option>
<option>
<key>WTP Incubator</key>
<value>WTP Incubator</value>
</option>
<option>
<key>WTP Java EE Tools</key>
<value>WTP Java EE Tools</value>
</option>
<option>
<key>WTP Releng</key>
<value>WTP Releng</value>
</option>
<option>
<key>WTP ServerTools</key>
<value>WTP ServerTools</value>
</option>
<option>
<key>WTP Source Editing</key>
<value>WTP Source Editing</value>
</option>
<option>
<key>WTP Webservices</key>
<value>WTP Webservices</value>
</option>
<option>
<key>WTP Website</key>
<value>WTP Website</value>
</option>
<option>
<key>Wakaama</key>
<value>Wakaama</value>
</option>
<option>
<key>Web Tools</key>
<value>Web Tools</value>
</option>
<option>
<key>Whiskers</key>
<value>Whiskers</value>
</option>
<option>
<key>WindowBuilder</key>
<value>WindowBuilder</value>
</option>
<option>
<key>Woolsey</key>
<value>Woolsey</value>
</option>
<option>
<key>Working Groups</key>
<value>Working Groups</value>
</option>
<option>
<key>XACC</key>
<value>XACC</value>
</option>
<option>
<key>XWT</key>
<value>XWT</value>
</option>
<option>
<key>Xtend</key>
<value>Xtend</value>
</option>
<option>
<key>Yasson</key>
<value>Yasson</value>
</option>
<option>
<key>andmore</key>
<value>andmore</value>
</option>
<option>
<key>e4</key>
<value>e4</value>
</option>
<option>
<key>eBPM</key>
<value>eBPM</value>
</option>
<option>
<key>eTrice</key>
<value>eTrice</value>
</option>
<option>
<key>elogbook</key>
<value>elogbook</value>
</option>
<option>
<key>lsp4e</key>
<value>lsp4e</value>
</option>
<option>
<key>m2e</key>
<value>m2e</value>
</option>
<option>
<key>sumo</key>
<value>sumo</value>
</option>
<option>
<key>z_Archived</key>
<value>z_Archived</value>
</option>
</options>
<MetaData>
<meta>
<key>task.meta.readOnly</key>
<value>false</value>
</meta>
<meta>
<key>task.meta.type</key>
<value>singleSelect</value>
</meta>
<meta>
<key>task.meta.required</key>
<value>false</value>
</meta>
<meta>
<key>task.meta.attributeKind</key>
<value>task.common.kind.default</value>
</meta>
<meta>
<key>task.meta.label</key>
<value>Product:</value>
</meta>
</MetaData>
<Attributes/>
</Attribute>
<Attribute id="bug_status">
<values>
<value>NEW</value>
</values>
<options>
<option>
<key>UNCONFIRMED</key>
<value>UNCONFIRMED</value>
</option>
<option>
<key>NEW</key>
<value>NEW</value>
</option>
<option>
<key>ASSIGNED</key>
<value>ASSIGNED</value>
</option>
<option>
<key>REOPENED</key>
<value>REOPENED</value>
</option>
<option>
<key>RESOLVED</key>
<value>RESOLVED</value>
</option>
<option>
<key>VERIFIED</key>
<value>VERIFIED</value>
</option>
<option>
<key>CLOSED</key>
<value>CLOSED</value>
</option>
</options>
<MetaData>
<meta>
<key>task.meta.readOnly</key>
<value>true</value>
</meta>
<meta>
<key>task.meta.type</key>
<value>shortText</value>
</meta>
<meta>
<key>task.meta.required</key>
<value>false</value>
</meta>
<meta>
<key>task.meta.label</key>
<value>Status:</value>
</meta>
</MetaData>
<Attributes/>
</Attribute>
<Attribute id="short_desc">
<values/>
<options/>
<MetaData>
<meta>
<key>task.meta.readOnly</key>
<value>false</value>
</meta>
<meta>
<key>task.meta.type</key>
<value>shortRichText</value>
</meta>
<meta>
<key>task.meta.required</key>
<value>false</value>
</meta>
<meta>
<key>task.meta.label</key>
<value>Summary:</value>
</meta>
</MetaData>
<Attributes/>
</Attribute>
<Attribute id="version">
<values>
<value>unspecified</value>
</values>
<options>
<option>
<key>1.7.3</key>
<value>1.7.3</value>
</option>
<option>
<key>1.8</key>
<value>1.8</value>
</option>
<option>
<key>1.8 M1</key>
<value>1.8 M1</value>
</option>
<option>
<key>1.8 RC1</key>
<value>1.8 RC1</value>
</option>
<option>
<key>1.8 RC2</key>
<value>1.8 RC2</value>
</option>
<option>
<key>1.8 RC3</key>
<value>1.8 RC3</value>
</option>
<option>
<key>1.8.1</key>
<value>1.8.1</value>
</option>
<option>
<key>1.8.2</key>
<value>1.8.2</value>
</option>
<option>
<key>1.8.3</key>
<value>1.8.3</value>
</option>
<option>
<key>1.8.4</key>
<value>1.8.4</value>
</option>
<option>
<key>1.8.5</key>
<value>1.8.5</value>
</option>
<option>
<key>1.9.0</key>
<value>1.9.0</value>
</option>
<option>
<key>unspecified</key>
<value>unspecified</value>
</option>
</options>
<MetaData>
<meta>
<key>task.meta.readOnly</key>
<value>false</value>
</meta>
<meta>
<key>task.meta.type</key>
<value>singleSelect</value>
</meta>
<meta>
<key>task.meta.required</key>
<value>false</value>
</meta>
<meta>
<key>task.meta.attributeKind</key>
<value>task.common.kind.default</value>
</meta>
<meta>
<key>task.meta.label</key>
<value>Version:</value>
</meta>
</MetaData>
<Attributes/>
</Attribute>
<Attribute id="component">
<values/>
<options>
<option>
<key>4DIAC-IDE</key>
<value>4DIAC-IDE</value>
</option>
<option>
<key>4DIAC-LIB</key>
<value>4DIAC-LIB</value>
</option>
<option>
<key>4DIAC-SYS</key>
<value>4DIAC-SYS</value>
</option>
<option>
<key>FORTE</key>
<value>FORTE</value>
</option>
<option>
<key>General</key>
<value>General</value>
</option>
<option>
<key>Web Page</key>
<value>Web Page</value>
</option>
</options>
<MetaData>
<meta>
<key>task.meta.readOnly</key>
<value>false</value>
</meta>
<meta>
<key>task.meta.type</key>
<value>singleSelect</value>
</meta>
<meta>
<key>task.meta.required</key>
<value>false</value>
</meta>
<meta>
<key>task.meta.attributeKind</key>
<value>task.common.kind.default</value>
</meta>
<meta>
<key>task.meta.label</key>
<value>Component:</value>
</meta>
</MetaData>
<Attributes/>
</Attribute>
<Attribute id="target_milestone">
<values>
<value>---</value>
</values>
<options>
<option>
<key>---</key>
<value>---</value>
</option>
<option>
<key>M1</key>
<value>M1</value>
</option>
<option>
<key>M2</key>
<value>M2</value>
</option>
<option>
<key>M3</key>
<value>M3</value>
</option>
<option>
<key>M4</key>
<value>M4</value>
</option>
<option>
<key>M5</key>
<value>M5</value>
</option>
<option>
<key>M6</key>
<value>M6</value>
</option>
<option>
<key>M7</key>
<value>M7</value>
</option>
<option>
<key>RC1</key>
<value>RC1</value>
</option>
<option>
<key>RC2</key>
<value>RC2</value>
</option>
<option>
<key>RC3</key>
<value>RC3</value>
</option>
<option>
<key>RC4</key>
<value>RC4</value>
</option>
<option>
<key>final</key>
<value>final</value>
</option>
<option>
<key>1.9.0.M1</key>
<value>1.9.0.M1</value>
</option>
<option>
<key>1.8.4</key>
<value>1.8.4</value>
</option>
<option>
<key>1.9</key>
<value>1.9</value>
</option>
<option>
<key>1.8.3</key>
<value>1.8.3</value>
</option>
<option>
<key>1.8.2</key>
<value>1.8.2</value>
</option>
<option>
<key>1.8.1</key>
<value>1.8.1</value>
</option>
<option>
<key>1.8</key>
<value>1.8</value>
</option>
<option>
<key>1.8 M2</key>
<value>1.8 M2</value>
</option>
<option>
<key>1.8 M1</key>
<value>1.8 M1</value>
</option>
</options>
<MetaData>
<meta>
<key>task.meta.readOnly</key>
<value>false</value>
</meta>
<meta>
<key>task.meta.type</key>
<value>singleSelect</value>
</meta>
<meta>
<key>task.meta.required</key>
<value>false</value>
</meta>
<meta>
<key>task.meta.attributeKind</key>
<value>task.common.kind.default</value>
</meta>
<meta>
<key>task.meta.label</key>
<value>Target milestone:</value>
</meta>
</MetaData>
<Attributes/>
</Attribute>
<Attribute id="rep_platform">
<values>
<value>PC</value>
</values>
<options>
<option>
<key>All</key>
<value>All</value>
</option>
<option>
<key>Macintosh</key>
<value>Macintosh</value>
</option>
<option>
<key>Other</key>
<value>Other</value>
</option>
<option>
<key>PC</key>
<value>PC</value>
</option>
<option>
<key>Power PC</key>
<value>Power PC</value>
</option>
<option>
<key>Sun</key>
<value>Sun</value>
</option>
</options>
<MetaData>
<meta>
<key>task.meta.readOnly</key>
<value>false</value>
</meta>
<meta>
<key>task.meta.type</key>
<value>singleSelect</value>
</meta>
<meta>
<key>task.meta.required</key>
<value>false</value>
</meta>
<meta>
<key>task.meta.attributeKind</key>
<value>task.common.kind.default</value>
</meta>
<meta>
<key>task.meta.label</key>
<value>Platform:</value>
</meta>
</MetaData>
<Attributes/>
</Attribute>
<Attribute id="op_sys">
<values>
<value>Windows 7</value>
</values>
<options>
<option>
<key>All</key>
<value>All</value>
</option>
<option>
<key>Android</key>
<value>Android</value>
</option>
<option>
<key>CentOS</key>
<value>CentOS</value>
</option>
<option>
<key>HP-UX</key>
<value>HP-UX</value>
</option>
<option>
<key>iOS</key>
<value>iOS</value>
</option>
<option>
<key>Linux</key>
<value>Linux</value>
</option>
<option>
<key>Mac OS X</key>
<value>Mac OS X</value>
</option>
<option>
<key>Neutrino</key>
<value>Neutrino</value>
</option>
<option>
<key>other</key>
<value>other</value>
</option>
<option>
<key>QNX-Photon</key>
<value>QNX-Photon</value>
</option>
<option>
<key>Solaris</key>
<value>Solaris</value>
</option>
<option>
<key>SymbianOS</key>
<value>SymbianOS</value>
</option>
<option>
<key>Unix All</key>
<value>Unix All</value>
</option>
<option>
<key>Windows All</key>
<value>Windows All</value>
</option>
<option>
<key>Windows Server 2008</key>
<value>Windows Server 2008</value>
</option>
<option>
<key>Windows 7</key>
<value>Windows 7</value>
</option>
<option>
<key>Windows 8</key>
<value>Windows 8</value>
</option>
<option>
<key>Windows 10</key>
<value>Windows 10</value>
</option>
</options>
<MetaData>
<meta>
<key>task.meta.readOnly</key>
<value>false</value>
</meta>
<meta>
<key>task.meta.type</key>
<value>singleSelect</value>
</meta>
<meta>
<key>task.meta.required</key>
<value>false</value>
</meta>
<meta>
<key>task.meta.attributeKind</key>
<value>task.common.kind.default</value>
</meta>
<meta>
<key>task.meta.label</key>
<value>OS:</value>
</meta>
</MetaData>
<Attributes/>
</Attribute>
<Attribute id="priority">
<values>
<value>P3</value>
</values>
<options>
<option>
<key>P1</key>
<value>P1</value>
</option>
<option>
<key>P2</key>
<value>P2</value>
</option>
<option>
<key>P3</key>
<value>P3</value>
</option>
<option>
<key>P4</key>
<value>P4</value>
</option>
<option>
<key>P5</key>
<value>P5</value>
</option>
</options>
<MetaData>
<meta>
<key>task.meta.readOnly</key>
<value>false</value>
</meta>
<meta>
<key>task.meta.type</key>
<value>singleSelect</value>
</meta>
<meta>
<key>task.meta.required</key>
<value>false</value>
</meta>
<meta>
<key>task.meta.attributeKind</key>
<value>task.common.kind.default</value>
</meta>
<meta>
<key>task.meta.label</key>
<value>Priority:</value>
</meta>
</MetaData>
<Attributes/>
</Attribute>
<Attribute id="bug_severity">
<values>
<value>normal</value>
</values>
<options>
<option>
<key>blocker</key>
<value>blocker</value>
</option>
<option>
<key>critical</key>
<value>critical</value>
</option>
<option>
<key>major</key>
<value>major</value>
</option>
<option>
<key>normal</key>
<value>normal</value>
</option>
<option>
<key>minor</key>
<value>minor</value>
</option>
<option>
<key>trivial</key>
<value>trivial</value>
</option>
<option>
<key>enhancement</key>
<value>enhancement</value>
</option>
</options>
<MetaData>
<meta>
<key>task.meta.readOnly</key>
<value>false</value>
</meta>
<meta>
<key>task.meta.type</key>
<value>singleSelect</value>
</meta>
<meta>
<key>task.meta.required</key>
<value>false</value>
</meta>
<meta>
<key>task.meta.attributeKind</key>
<value>task.common.kind.default</value>
</meta>
<meta>
<key>task.meta.label</key>
<value>Severity:</value>
</meta>
</MetaData>
<Attributes/>
</Attribute>
<Attribute id="assigned_to">
<values>
<value/>
</values>
<options/>
<MetaData>
<meta>
<key>task.meta.readOnly</key>
<value>false</value>
</meta>
<meta>
<key>task.meta.type</key>
<value>person</value>
</meta>
<meta>
<key>task.meta.required</key>
<value>false</value>
</meta>
<meta>
<key>task.meta.attributeKind</key>
<value>task.common.kind.people</value>
</meta>
<meta>
<key>task.meta.label</key>
<value>Assigned to:</value>
</meta>
</MetaData>
<Attributes/>
</Attribute>
<Attribute id="qa_contact">
<values>
<value/>
</values>
<options/>
<MetaData>
<meta>
<key>task.meta.readOnly</key>
<value>false</value>
</meta>
<meta>
<key>task.meta.type</key>
<value>person</value>
</meta>
<meta>
<key>task.meta.required</key>
<value>false</value>
</meta>
<meta>
<key>task.meta.attributeKind</key>
<value>task.common.kind.people</value>
</meta>
<meta>
<key>task.meta.label</key>
<value>QA Contact:</value>
</meta>
</MetaData>
<Attributes/>
</Attribute>
<Attribute id="bug_file_loc">
<values>
<value>http://</value>
</values>
<options/>
<MetaData>
<meta>
<key>task.meta.readOnly</key>
<value>false</value>
</meta>
<meta>
<key>task.meta.type</key>
<value>url</value>
</meta>
<meta>
<key>task.meta.required</key>
<value>false</value>
</meta>
<meta>
<key>task.meta.attributeKind</key>
<value>task.common.kind.default</value>
</meta>
<meta>
<key>task.meta.label</key>
<value>URL:</value>
</meta>
</MetaData>
<Attributes/>
</Attribute>
<Attribute id="dependson">
<values/>
<options/>
<MetaData>
<meta>
<key>task.meta.readOnly</key>
<value>false</value>
</meta>
<meta>
<key>task.meta.type</key>
<value>taskDepenedency</value>
</meta>
<meta>
<key>task.meta.required</key>
<value>false</value>
</meta>
<meta>
<key>task.meta.attributeKind</key>
<value>task.common.kind.default</value>
</meta>
<meta>
<key>task.meta.label</key>
<value>Depends on (Subtasks):</value>
</meta>
</MetaData>
<Attributes/>
</Attribute>
<Attribute id="blocked">
<values/>
<options/>
<MetaData>
<meta>
<key>task.meta.readOnly</key>
<value>false</value>
</meta>
<meta>
<key>task.meta.type</key>
<value>taskDepenedency</value>
</meta>
<meta>
<key>task.meta.required</key>
<value>false</value>
</meta>
<meta>
<key>task.meta.attributeKind</key>
<value>task.common.kind.default</value>
</meta>
<meta>
<key>task.meta.label</key>
<value>Blocks:</value>
</meta>
</MetaData>
<Attributes/>
</Attribute>
<Attribute id="newcc">
<values/>
<options/>
<MetaData>
<meta>
<key>task.meta.readOnly</key>
<value>false</value>
</meta>
<meta>
<key>task.meta.type</key>
<value>person</value>
</meta>
<meta>
<key>task.meta.required</key>
<value>false</value>
</meta>
<meta>
<key>task.meta.attributeKind</key>
<value>task.common.kind.people</value>
</meta>
<meta>
<key>task.meta.label</key>
<value>Add CC:</value>
</meta>
</MetaData>
<Attributes/>
</Attribute>
<Attribute id="long_desc">
<values/>
<options/>
<MetaData>
<meta>
<key>task.meta.readOnly</key>
<value>false</value>
</meta>
<meta>
<key>task.meta.type</key>
<value>longRichText</value>
</meta>
<meta>
<key>task.meta.required</key>
<value>false</value>
</meta>
<meta>
<key>task.meta.label</key>
<value>Description:</value>
</meta>
</MetaData>
<Attributes/>
</Attribute>
<Attribute id="keywords">
<values/>
<options/>
<MetaData>
<meta>
<key>task.meta.readOnly</key>
<value>false</value>
</meta>
<meta>
<key>task.meta.type</key>
<value>bugzilla.editor.keywords</value>
</meta>
<meta>
<key>task.meta.required</key>
<value>false</value>
</meta>
<meta>
<key>task.meta.attributeKind</key>
<value>task.common.kind.default</value>
</meta>
<meta>
<key>task.meta.label</key>
<value>Keywords:</value>
</meta>
</MetaData>
<Attributes/>
</Attribute>
</Attributes>
</Attribute>
</Attributes>
</NewData>
<OldData connectorKind="bugzilla" repositoryUrl="https://bugs.eclipse.org/bugs" taskId="" version="4.8">
<Attributes>
<Attribute id="root">
<values/>
<options/>
<MetaData/>
<Attributes>
<Attribute id="product">
<values>
<value>4DIAC</value>
</values>
<options>
<option>
<key>4DIAC</key>
<value>4DIAC</value>
</option>
<option>
<key>ACTF</key>
<value>ACTF</value>
</option>
<option>
<key>AJDT</key>
<value>AJDT</value>
</option>
<option>
<key>AMP</key>
<value>AMP</value>
</option>
<option>
<key>ATF</key>
<value>ATF</value>
</option>
<option>
<key>Acceleo</key>
<value>Acceleo</value>
</option>
<option>
<key>Agail</key>
<value>Agail</value>
</option>
<option>
<key>Amalgam</key>
<value>Amalgam</value>
</option>
<option>
<key>App4mc</key>
<value>App4mc</value>
</option>
<option>
<key>Apricot</key>
<value>Apricot</value>
</option>
<option>
<key>AspectJ</key>
<value>AspectJ</value>
</option>
<option>
<key>BIRT</key>
<value>BIRT</value>
</option>
<option>
<key>BPEL</key>
<value>BPEL</value>
</option>
<option>
<key>BPMN2Modeler</key>
<value>BPMN2Modeler</value>
</option>
<option>
<key>Babel</key>
<value>Babel</value>
</option>
<option>
<key>Buckminster</key>
<value>Buckminster</value>
</option>
<option>
<key>Buildship</key>
<value>Buildship</value>
</option>
<option>
<key>CBI</key>
<value>CBI</value>
</option>
<option>
<key>CDT</key>
<value>CDT</value>
</option>
<option>
<key>CFT</key>
<value>CFT</value>
</option>
<option>
<key>Californium</key>
<value>Californium</value>
</option>
<option>
<key>Camf</key>
<value>Camf</value>
</option>
<option>
<key>Capra</key>
<value>Capra</value>
</option>
<option>
<key>Ceylon</key>
<value>Ceylon</value>
</option>
<option>
<key>Che</key>
<value>Che</value>
</option>
<option>
<key>Chemclipse</key>
<value>Chemclipse</value>
</option>
<option>
<key>Collections</key>
<value>Collections</value>
</option>
<option>
<key>Community</key>
<value>Community</value>
</option>
<option>
<key>DAWNsci</key>
<value>DAWNsci</value>
</option>
<option>
<key>DLTK</key>
<value>DLTK</value>
</option>
<option>
<key>Dali JPA Tools</key>
<value>Dali JPA Tools</value>
</option>
<option>
<key>Damos</key>
<value>Damos</value>
</option>
<option>
<key>Dash</key>
<value>Dash</value>
</option>
<option>
<key>Data Tools</key>
<value>Data Tools</value>
</option>
<option>
<key>Dirigible</key>
<value>Dirigible</value>
</option>
<option>
<key>Ditto</key>
<value>Ditto</value>
</option>
<option>
<key>Drupal</key>
<value>Drupal</value>
</option>
<option>
<key>EATop</key>
<value>EATop</value>
</option>
<option>
<key>EBR</key>
<value>EBR</value>
</option>
<option>
<key>ECF</key>
<value>ECF</value>
</option>
<option>
<key>ECP</key>
<value>ECP</value>
</option>
<option>
<key>EEF</key>
<value>EEF</value>
</option>
<option>
<key>EFM</key>
<value>EFM</value>
</option>
<option>
<key>EGit</key>
<value>EGit</value>
</option>
<option>
<key>EMF</key>
<value>EMF</value>
</option>
<option>
<key>EMF Services</key>
<value>EMF Services</value>
</option>
<option>
<key>EMF.Diffmerge</key>
<value>EMF.Diffmerge</value>
</option>
<option>
<key>EMF.EGF</key>
<value>EMF.EGF</value>
</option>
<option>
<key>EMF.Parsley</key>
<value>EMF.Parsley</value>
</option>
<option>
<key>EMFCompare</key>
<value>EMFCompare</value>
</option>
<option>
<key>EMFStore</key>
<value>EMFStore</value>
</option>
<option>
<key>EMFT</key>
<value>EMFT</value>
</option>
<option>
<key>EMFT.Doc2Model</key>
<value>EMFT.Doc2Model</value>
</option>
<option>
<key>EMFT.Henshin</key>
<value>EMFT.Henshin</value>
</option>
<option>
<key>EMFT.Refactor</key>
<value>EMFT.Refactor</value>
</option>
<option>
<key>EMFT.b3</key>
<value>EMFT.b3</value>
</option>
<option>
<key>EMFT.facet</key>
<value>EMFT.facet</value>
</option>
<option>
<key>EMFT.js4emf</key>
<value>EMFT.js4emf</value>
</option>
<option>
<key>EPF</key>
<value>EPF</value>
</option>
<option>
<key>EPP</key>
<value>EPP</value>
</option>
<option>
<key>ERCP</key>
<value>ERCP</value>
</option>
<option>
<key>Ease</key>
<value>Ease</value>
</option>
<option>
<key>Eavp</key>
<value>Eavp</value>
</option>
<option>
<key>Eclemma</key>
<value>Eclemma</value>
</option>
<option>
<key>EclipseLink</key>
<value>EclipseLink</value>
</option>
<option>
<key>Ecoretools</key>
<value>Ecoretools</value>
</option>
<option>
<key>Edapt</key>
<value>Edapt</value>
</option>
<option>
<key>Efxclipse</key>
<value>Efxclipse</value>
</option>
<option>
<key>Egerrit</key>
<value>Egerrit</value>
</option>
<option>
<key>Elk</key>
<value>Elk</value>
</option>
<option>
<key>Epsilon</key>
<value>Epsilon</value>
</option>
<option>
<key>Equinox</key>
<value>Equinox</value>
</option>
<option>
<key>FMC</key>
<value>FMC</value>
</option>
<option>
<key>Flux</key>
<value>Flux</value>
</option>
<option>
<key>Franca</key>
<value>Franca</value>
</option>
<option>
<key>GEF</key>
<value>GEF</value>
</option>
<option>
<key>GEF3D</key>
<value>GEF3D</value>
</option>
<option>
<key>GMF-Notation</key>
<value>GMF-Notation</value>
</option>
<option>
<key>GMF-Runtime</key>
<value>GMF-Runtime</value>
</option>
<option>
<key>GMF-Tooling</key>
<value>GMF-Tooling</value>
</option>
<option>
<key>GMP</key>
<value>GMP</value>
</option>
<option>
<key>Gemini</key>
<value>Gemini</value>
</option>
<option>
<key>Gemini.Blueprint</key>
<value>Gemini.Blueprint</value>
</option>
<option>
<key>Gemini.DBaccess</key>
<value>Gemini.DBaccess</value>
</option>
<option>
<key>Gemini.JPA</key>
<value>Gemini.JPA</value>
</option>
<option>
<key>Gemini.Management</key>
<value>Gemini.Management</value>
</option>
<option>
<key>Gemini.Naming</key>
<value>Gemini.Naming</value>
</option>
<option>
<key>Gemini.Web</key>
<value>Gemini.Web</value>
</option>
<option>
<key>Gemoc</key>
<value>Gemoc</value>
</option>
<option>
<key>Gendoc</key>
<value>Gendoc</value>
</option>
<option>
<key>Graphiti</key>
<value>Graphiti</value>
</option>
<option>
<key>Gyrex</key>
<value>Gyrex</value>
</option>
<option>
<key>Handly</key>
<value>Handly</value>
</option>
<option>
<key>Hawkbit</key>
<value>Hawkbit</value>
</option>
<option>
<key>Hudson</key>
<value>Hudson</value>
</option>
<option>
<key>Ice</key>
<value>Ice</value>
</option>
<option>
<key>Ignite</key>
<value>Ignite</value>
</option>
<option>
<key>Incubator</key>
<value>Incubator</value>
</option>
<option>
<key>IoTtestware</key>
<value>IoTtestware</value>
</option>
<option>
<key>Iofog</key>
<value>Iofog</value>
</option>
<option>
<key>JDT</key>
<value>JDT</value>
</option>
<option>
<key>JGit</key>
<value>JGit</value>
</option>
<option>
<key>JNoSQL</key>
<value>JNoSQL</value>
</option>
<option>
<key>JSDT</key>
<value>JSDT</value>
</option>
<option>
<key>JWT</key>
<value>JWT</value>
</option>
<option>
<key>Java EE Config</key>
<value>Java EE Config</value>
</option>
<option>
<key>Java Server Faces</key>
<value>Java Server Faces</value>
</option>
<option>
<key>Jetty</key>
<value>Jetty</value>
</option>
<option>
<key>Jubula</key>
<value>Jubula</value>
</option>
<option>
<key>Kapua</key>
<value>Kapua</value>
</option>
<option>
<key>Keti</key>
<value>Keti</value>
</option>
<option>
<key>Krikkit</key>
<value>Krikkit</value>
</option>
<option>
<key>Kura</key>
<value>Kura</value>
</option>
<option>
<key>LDT</key>
<value>LDT</value>
</option>
<option>
<key>Libra</key>
<value>Libra</value>
</option>
<option>
<key>Linux Tools</key>
<value>Linux Tools</value>
</option>
<option>
<key>Lsp4j</key>
<value>Lsp4j</value>
</option>
<option>
<key>Lyo</key>
<value>Lyo</value>
</option>
<option>
<key>M2E-WTP</key>
<value>M2E-WTP</value>
</option>
<option>
<key>M2T</key>
<value>M2T</value>
</option>
<option>
<key>MAT</key>
<value>MAT</value>
</option>
<option>
<key>MDHT</key>
<value>MDHT</value>
</option>
<option>
<key>MDMBL</key>
<value>MDMBL</value>
</option>
<option>
<key>MDMWeb</key>
<value>MDMWeb</value>
</option>
<option>
<key>MDT</key>
<value>MDT</value>
</option>
<option>
<key>MDT.BPMN2</key>
<value>MDT.BPMN2</value>
</option>
<option>
<key>MDT.MoDisco</key>
<value>MDT.MoDisco</value>
</option>
<option>
<key>MDT.RMF</key>
<value>MDT.RMF</value>
</option>
<option>
<key>MDT.UML2</key>
<value>MDT.UML2</value>
</option>
<option>
<key>MDT.XSD</key>
<value>MDT.XSD</value>
</option>
<option>
<key>MMT</key>
<value>MMT</value>
</option>
<option>
<key>MMT.ATL</key>
<value>MMT.ATL</value>
</option>
<option>
<key>MPC</key>
<value>MPC</value>
</option>
<option>
<key>MTJ</key>
<value>MTJ</value>
</option>
<option>
<key>Mangrove</key>
<value>Mangrove</value>
</option>
<option>
<key>Mbeddr</key>
<value>Mbeddr</value>
</option>
<option>
<key>Microprofile</key>
<value>Microprofile</value>
</option>
<option>
<key>Mihini</key>
<value>Mihini</value>
</option>
<option>
<key>Milo</key>
<value>Milo</value>
</option>
<option>
<key>Modeling</key>
<value>Modeling</value>
</option>
<option>
<key>Mylyn</key>
<value>Mylyn</value>
</option>
<option>
<key>Mylyn Builds</key>
<value>Mylyn Builds</value>
</option>
<option>
<key>Mylyn Commons</key>
<value>Mylyn Commons</value>
</option>
<option>
<key>Mylyn Context</key>
<value>Mylyn Context</value>
</option>
<option>
<key>Mylyn Context MFT</key>
<value>Mylyn Context MFT</value>
</option>
<option>
<key>Mylyn Docs</key>
<value>Mylyn Docs</value>
</option>
<option>
<key>Mylyn Docs Intent</key>
<value>Mylyn Docs Intent</value>
</option>
<option>
<key>Mylyn Docs Vex</key>
<value>Mylyn Docs Vex</value>
</option>
<option>
<key>Mylyn Incubator</key>
<value>Mylyn Incubator</value>
</option>
<option>
<key>Mylyn Reviews</key>
<value>Mylyn Reviews</value>
</option>
<option>
<key>Mylyn Reviews R4E</key>
<value>Mylyn Reviews R4E</value>
</option>
<option>
<key>Mylyn Tasks</key>
<value>Mylyn Tasks</value>
</option>
<option>
<key>Mylyn Versions</key>
<value>Mylyn Versions</value>
</option>
<option>
<key>NatTable</key>
<value>NatTable</value>
</option>
<option>
<key>Nebula</key>
<value>Nebula</value>
</option>
<option>
<key>Nebula.incubator</key>
<value>Nebula.incubator</value>
</option>
<option>
<key>OCL</key>
<value>OCL</value>
</option>
<option>
<key>OGEE</key>
<value>OGEE</value>
</option>
<option>
<key>OM2M</key>
<value>OM2M</value>
</option>
<option>
<key>OMR</key>
<value>OMR</value>
</option>
<option>
<key>OSBP</key>
<value>OSBP</value>
</option>
<option>
<key>OSEE</key>
<value>OSEE</value>
</option>
<option>
<key>Objectteams</key>
<value>Objectteams</value>
</option>
<option>
<key>Oomph</key>
<value>Oomph</value>
</option>
<option>
<key>OpenK-platform</key>
<value>OpenK-platform</value>
</option>
<option>
<key>Orbit</key>
<value>Orbit</value>
</option>
<option>
<key>Orion</key>
<value>Orion</value>
</option>
<option>
<key>PDE</key>
<value>PDE</value>
</option>
<option>
<key>PDT</key>
<value>PDT</value>
</option>
<option>
<key>PDT.Incubator</key>
<value>PDT.Incubator</value>
</option>
<option>
<key>PMF</key>
<value>PMF</value>
</option>
<option>
<key>PTP</key>
<value>PTP</value>
</option>
<option>
<key>Package-Drone</key>
<value>Package-Drone</value>
</option>
<option>
<key>Paho</key>
<value>Paho</value>
</option>
<option>
<key>Paho.incubator</key>
<value>Paho.incubator</value>
</option>
<option>
<key>Papyrus</key>
<value>Papyrus</value>
</option>
<option>
<key>Papyrus-rt</key>
<value>Papyrus-rt</value>
</option>
<option>
<key>Papyrus-xtuml</key>
<value>Papyrus-xtuml</value>
</option>
<option>
<key>Platform</key>
<value>Platform</value>
</option>
<option>
<key>Ponte</key>
<value>Ponte</value>
</option>
<option>
<key>QVTd</key>
<value>QVTd</value>
</option>
<option>
<key>QVTo</key>
<value>QVTo</value>
</option>
<option>
<key>RAP</key>
<value>RAP</value>
</option>
<option>
<key>RCPTT</key>
<value>RCPTT</value>
</option>
<option>
<key>RTP</key>
<value>RTP</value>
</option>
<option>
<key>RTSC</key>
<value>RTSC</value>
</option>
<option>
<key>Recommenders</key>
<value>Recommenders</value>
</option>
<option>
<key>Recommenders.Incubator</key>
<value>Recommenders.Incubator</value>
</option>
<option>
<key>Reddeer</key>
<value>Reddeer</value>
</option>
<option>
<key>Remus</key>
<value>Remus</value>
</option>
<option>
<key>Rich Beans</key>
<value>Rich Beans</value>
</option>
<option>
<key>Riena</key>
<value>Riena</value>
</option>
<option>
<key>Risev2g</key>
<value>Risev2g</value>
</option>
<option>
<key>SOA Platform</key>
<value>SOA Platform</value>
</option>
<option>
<key>STEM</key>
<value>STEM</value>
</option>
<option>
<key>SW360</key>
<value>SW360</value>
</option>
<option>
<key>SWTBot</key>
<value>SWTBot</value>
</option>
<option>
<key>Sapphire</key>
<value>Sapphire</value>
</option>
<option>
<key>Scada</key>
<value>Scada</value>
</option>
<option>
<key>Scanning</key>
<value>Scanning</value>
</option>
<option>
<key>Score</key>
<value>Score</value>
</option>
<option>
<key>Scout</key>
<value>Scout</value>
</option>
<option>
<key>Sensinact</key>
<value>Sensinact</value>
</option>
<option>
<key>Simopenpass</key>
<value>Simopenpass</value>
</option>
<option>
<key>Simultaneous Release</key>
<value>Simultaneous Release</value>
</option>
<option>
<key>Sirius</key>
<value>Sirius</value>
</option>
<option>
<key>Sisu</key>
<value>Sisu</value>
</option>
<option>
<key>Skalli</key>
<value>Skalli</value>
</option>
<option>
<key>Smila</key>
<value>Smila</value>
</option>
<option>
<key>Sphinx</key>
<value>Sphinx</value>
</option>
<option>
<key>Stardust</key>
<value>Stardust</value>
</option>
<option>
<key>Statet</key>
<value>Statet</value>
</option>
<option>
<key>Subversive</key>
<value>Subversive</value>
</option>
<option>
<key>Systemfocus</key>
<value>Systemfocus</value>
</option>
<option>
<key>TCF</key>
<value>TCF</value>
</option>
<option>
<key>TMF</key>
<value>TMF</value>
</option>
<option>
<key>TMW</key>
<value>TMW</value>
</option>
<option>
<key>Target Management</key>
<value>Target Management</value>
</option>
<option>
<key>Tea</key>
<value>Tea</value>
</option>
<option>
<key>Technology Top Level</key>
<value>Technology Top Level</value>
</option>
<option>
<key>Texlipse</key>
<value>Texlipse</value>
</option>
<option>
<key>Thym</key>
<value>Thym</value>
</option>
<option>
<key>Tigerstripe</key>
<value>Tigerstripe</value>
</option>
<option>
<key>Tinydtls</key>
<value>Tinydtls</value>
</option>
<option>
<key>Titan</key>
<value>Titan</value>
</option>
<option>
<key>Tm4e</key>
<value>Tm4e</value>
</option>
<option>
<key>Tools</key>
<value>Tools</value>
</option>
<option>
<key>Tracecompass</key>
<value>Tracecompass</value>
</option>
<option>
<key>Tracecompass.Incubator</key>
<value>Tracecompass.Incubator</value>
</option>
<option>
<key>Triquetrum</key>
<value>Triquetrum</value>
</option>
<option>
<key>Tycho</key>
<value>Tycho</value>
</option>
<option>
<key>UMLGen</key>
<value>UMLGen</value>
</option>
<option>
<key>UOMo</key>
<value>UOMo</value>
</option>
<option>
<key>UPR</key>
<value>UPR</value>
</option>
<option>
<key>USSSDK</key>
<value>USSSDK</value>
</option>
<option>
<key>Unide</key>
<value>Unide</value>
</option>
<option>
<key>VTP</key>
<value>VTP</value>
</option>
<option>
<key>Vertx</key>
<value>Vertx</value>
</option>
<option>
<key>Viatra</key>
<value>Viatra</value>
</option>
<option>
<key>Virgo</key>
<value>Virgo</value>
</option>
<option>
<key>Vorto</key>
<value>Vorto</value>
</option>
<option>
<key>WTP Common Tools</key>
<value>WTP Common Tools</value>
</option>
<option>
<key>WTP EJB Tools</key>
<value>WTP EJB Tools</value>
</option>
<option>
<key>WTP Incubator</key>
<value>WTP Incubator</value>
</option>
<option>
<key>WTP Java EE Tools</key>
<value>WTP Java EE Tools</value>
</option>
<option>
<key>WTP Releng</key>
<value>WTP Releng</value>
</option>
<option>
<key>WTP ServerTools</key>
<value>WTP ServerTools</value>
</option>
<option>
<key>WTP Source Editing</key>
<value>WTP Source Editing</value>
</option>
<option>
<key>WTP Webservices</key>
<value>WTP Webservices</value>
</option>
<option>
<key>WTP Website</key>
<value>WTP Website</value>
</option>
<option>
<key>Wakaama</key>
<value>Wakaama</value>
</option>
<option>
<key>Web Tools</key>
<value>Web Tools</value>
</option>
<option>
<key>Whiskers</key>
<value>Whiskers</value>
</option>
<option>
<key>WindowBuilder</key>
<value>WindowBuilder</value>
</option>
<option>
<key>Woolsey</key>
<value>Woolsey</value>
</option>
<option>
<key>Working Groups</key>
<value>Working Groups</value>
</option>
<option>
<key>XACC</key>
<value>XACC</value>
</option>
<option>
<key>XWT</key>
<value>XWT</value>
</option>
<option>
<key>Xtend</key>
<value>Xtend</value>
</option>
<option>
<key>Yasson</key>
<value>Yasson</value>
</option>
<option>
<key>andmore</key>
<value>andmore</value>
</option>
<option>
<key>e4</key>
<value>e4</value>
</option>
<option>
<key>eBPM</key>
<value>eBPM</value>
</option>
<option>
<key>eTrice</key>
<value>eTrice</value>
</option>
<option>
<key>elogbook</key>
<value>elogbook</value>
</option>
<option>
<key>lsp4e</key>
<value>lsp4e</value>
</option>
<option>
<key>m2e</key>
<value>m2e</value>
</option>
<option>
<key>sumo</key>
<value>sumo</value>
</option>
<option>
<key>z_Archived</key>
<value>z_Archived</value>
</option>
</options>
<MetaData>
<meta>
<key>task.meta.readOnly</key>
<value>false</value>
</meta>
<meta>
<key>task.meta.type</key>
<value>singleSelect</value>
</meta>
<meta>
<key>task.meta.required</key>
<value>false</value>
</meta>
<meta>
<key>task.meta.attributeKind</key>
<value>task.common.kind.default</value>
</meta>
<meta>
<key>task.meta.label</key>
<value>Product:</value>
</meta>
</MetaData>
<Attributes/>
</Attribute>
<Attribute id="bug_status">
<values>
<value>NEW</value>
</values>
<options>
<option>
<key>UNCONFIRMED</key>
<value>UNCONFIRMED</value>
</option>
<option>
<key>NEW</key>
<value>NEW</value>
</option>
<option>
<key>ASSIGNED</key>
<value>ASSIGNED</value>
</option>
<option>
<key>REOPENED</key>
<value>REOPENED</value>
</option>
<option>
<key>RESOLVED</key>
<value>RESOLVED</value>
</option>
<option>
<key>VERIFIED</key>
<value>VERIFIED</value>
</option>
<option>
<key>CLOSED</key>
<value>CLOSED</value>
</option>
</options>
<MetaData>
<meta>
<key>task.meta.readOnly</key>
<value>true</value>
</meta>
<meta>
<key>task.meta.type</key>
<value>shortText</value>
</meta>
<meta>
<key>task.meta.required</key>
<value>false</value>
</meta>
<meta>
<key>task.meta.label</key>
<value>Status:</value>
</meta>
</MetaData>
<Attributes/>
</Attribute>
<Attribute id="short_desc">
<values/>
<options/>
<MetaData>
<meta>
<key>task.meta.readOnly</key>
<value>false</value>
</meta>
<meta>
<key>task.meta.type</key>
<value>shortRichText</value>
</meta>
<meta>
<key>task.meta.required</key>
<value>false</value>
</meta>
<meta>
<key>task.meta.label</key>
<value>Summary:</value>
</meta>
</MetaData>
<Attributes/>
</Attribute>
<Attribute id="version">
<values>
<value>unspecified</value>
</values>
<options>
<option>
<key>1.7.3</key>
<value>1.7.3</value>
</option>
<option>
<key>1.8</key>
<value>1.8</value>
</option>
<option>
<key>1.8 M1</key>
<value>1.8 M1</value>
</option>
<option>
<key>1.8 RC1</key>
<value>1.8 RC1</value>
</option>
<option>
<key>1.8 RC2</key>
<value>1.8 RC2</value>
</option>
<option>
<key>1.8 RC3</key>
<value>1.8 RC3</value>
</option>
<option>
<key>1.8.1</key>
<value>1.8.1</value>
</option>
<option>
<key>1.8.2</key>
<value>1.8.2</value>
</option>
<option>
<key>1.8.3</key>
<value>1.8.3</value>
</option>
<option>
<key>1.8.4</key>
<value>1.8.4</value>
</option>
<option>
<key>1.8.5</key>
<value>1.8.5</value>
</option>
<option>
<key>1.9.0</key>
<value>1.9.0</value>
</option>
<option>
<key>unspecified</key>
<value>unspecified</value>
</option>
</options>
<MetaData>
<meta>
<key>task.meta.readOnly</key>
<value>false</value>
</meta>
<meta>
<key>task.meta.type</key>
<value>singleSelect</value>
</meta>
<meta>
<key>task.meta.required</key>
<value>false</value>
</meta>
<meta>
<key>task.meta.attributeKind</key>
<value>task.common.kind.default</value>
</meta>
<meta>
<key>task.meta.label</key>
<value>Version:</value>
</meta>
</MetaData>
<Attributes/>
</Attribute>
<Attribute id="component">
<values/>
<options>
<option>
<key>4DIAC-IDE</key>
<value>4DIAC-IDE</value>
</option>
<option>
<key>4DIAC-LIB</key>
<value>4DIAC-LIB</value>
</option>
<option>
<key>4DIAC-SYS</key>
<value>4DIAC-SYS</value>
</option>
<option>
<key>FORTE</key>
<value>FORTE</value>
</option>
<option>
<key>General</key>
<value>General</value>
</option>
<option>
<key>Web Page</key>
<value>Web Page</value>
</option>
</options>
<MetaData>
<meta>
<key>task.meta.readOnly</key>
<value>false</value>
</meta>
<meta>
<key>task.meta.type</key>
<value>singleSelect</value>
</meta>
<meta>
<key>task.meta.required</key>
<value>false</value>
</meta>
<meta>
<key>task.meta.attributeKind</key>
<value>task.common.kind.default</value>
</meta>
<meta>
<key>task.meta.label</key>
<value>Component:</value>
</meta>
</MetaData>
<Attributes/>
</Attribute>
<Attribute id="target_milestone">
<values>
<value>---</value>
</values>
<options>
<option>
<key>---</key>
<value>---</value>
</option>
<option>
<key>M1</key>
<value>M1</value>
</option>
<option>
<key>M2</key>
<value>M2</value>
</option>
<option>
<key>M3</key>
<value>M3</value>
</option>
<option>
<key>M4</key>
<value>M4</value>
</option>
<option>
<key>M5</key>
<value>M5</value>
</option>
<option>
<key>M6</key>
<value>M6</value>
</option>
<option>
<key>M7</key>
<value>M7</value>
</option>
<option>
<key>RC1</key>
<value>RC1</value>
</option>
<option>
<key>RC2</key>
<value>RC2</value>
</option>
<option>
<key>RC3</key>
<value>RC3</value>
</option>
<option>
<key>RC4</key>
<value>RC4</value>
</option>
<option>
<key>final</key>
<value>final</value>
</option>
<option>
<key>1.9.0.M1</key>
<value>1.9.0.M1</value>
</option>
<option>
<key>1.8.4</key>
<value>1.8.4</value>
</option>
<option>
<key>1.9</key>
<value>1.9</value>
</option>
<option>
<key>1.8.3</key>
<value>1.8.3</value>
</option>
<option>
<key>1.8.2</key>
<value>1.8.2</value>
</option>
<option>
<key>1.8.1</key>
<value>1.8.1</value>
</option>
<option>
<key>1.8</key>
<value>1.8</value>
</option>
<option>
<key>1.8 M2</key>
<value>1.8 M2</value>
</option>
<option>
<key>1.8 M1</key>
<value>1.8 M1</value>
</option>
</options>
<MetaData>
<meta>
<key>task.meta.readOnly</key>
<value>false</value>
</meta>
<meta>
<key>task.meta.type</key>
<value>singleSelect</value>
</meta>
<meta>
<key>task.meta.required</key>
<value>false</value>
</meta>
<meta>
<key>task.meta.attributeKind</key>
<value>task.common.kind.default</value>
</meta>
<meta>
<key>task.meta.label</key>
<value>Target milestone:</value>
</meta>
</MetaData>
<Attributes/>
</Attribute>
<Attribute id="rep_platform">
<values>
<value>PC</value>
</values>
<options>
<option>
<key>All</key>
<value>All</value>
</option>
<option>
<key>Macintosh</key>
<value>Macintosh</value>
</option>
<option>
<key>Other</key>
<value>Other</value>
</option>
<option>
<key>PC</key>
<value>PC</value>
</option>
<option>
<key>Power PC</key>
<value>Power PC</value>
</option>
<option>
<key>Sun</key>
<value>Sun</value>
</option>
</options>
<MetaData>
<meta>
<key>task.meta.readOnly</key>
<value>false</value>
</meta>
<meta>
<key>task.meta.type</key>
<value>singleSelect</value>
</meta>
<meta>
<key>task.meta.required</key>
<value>false</value>
</meta>
<meta>
<key>task.meta.attributeKind</key>
<value>task.common.kind.default</value>
</meta>
<meta>
<key>task.meta.label</key>
<value>Platform:</value>
</meta>
</MetaData>
<Attributes/>
</Attribute>
<Attribute id="op_sys">
<values>
<value>Windows 7</value>
</values>
<options>
<option>
<key>All</key>
<value>All</value>
</option>
<option>
<key>Android</key>
<value>Android</value>
</option>
<option>
<key>CentOS</key>
<value>CentOS</value>
</option>
<option>
<key>HP-UX</key>
<value>HP-UX</value>
</option>
<option>
<key>iOS</key>
<value>iOS</value>
</option>
<option>
<key>Linux</key>
<value>Linux</value>
</option>
<option>
<key>Mac OS X</key>
<value>Mac OS X</value>
</option>
<option>
<key>Neutrino</key>
<value>Neutrino</value>
</option>
<option>
<key>other</key>
<value>other</value>
</option>
<option>
<key>QNX-Photon</key>
<value>QNX-Photon</value>
</option>
<option>
<key>Solaris</key>
<value>Solaris</value>
</option>
<option>
<key>SymbianOS</key>
<value>SymbianOS</value>
</option>
<option>
<key>Unix All</key>
<value>Unix All</value>
</option>
<option>
<key>Windows All</key>
<value>Windows All</value>
</option>
<option>
<key>Windows Server 2008</key>
<value>Windows Server 2008</value>
</option>
<option>
<key>Windows 7</key>
<value>Windows 7</value>
</option>
<option>
<key>Windows 8</key>
<value>Windows 8</value>
</option>
<option>
<key>Windows 10</key>
<value>Windows 10</value>
</option>
</options>
<MetaData>
<meta>
<key>task.meta.readOnly</key>
<value>false</value>
</meta>
<meta>
<key>task.meta.type</key>
<value>singleSelect</value>
</meta>
<meta>
<key>task.meta.required</key>
<value>false</value>
</meta>
<meta>
<key>task.meta.attributeKind</key>
<value>task.common.kind.default</value>
</meta>
<meta>
<key>task.meta.label</key>
<value>OS:</value>
</meta>
</MetaData>
<Attributes/>
</Attribute>
<Attribute id="priority">
<values>
<value>P3</value>
</values>
<options>
<option>
<key>P1</key>
<value>P1</value>
</option>
<option>
<key>P2</key>
<value>P2</value>
</option>
<option>
<key>P3</key>
<value>P3</value>
</option>
<option>
<key>P4</key>
<value>P4</value>
</option>
<option>
<key>P5</key>
<value>P5</value>
</option>
</options>
<MetaData>
<meta>
<key>task.meta.readOnly</key>
<value>false</value>
</meta>
<meta>
<key>task.meta.type</key>
<value>singleSelect</value>
</meta>
<meta>
<key>task.meta.required</key>
<value>false</value>
</meta>
<meta>
<key>task.meta.attributeKind</key>
<value>task.common.kind.default</value>
</meta>
<meta>
<key>task.meta.label</key>
<value>Priority:</value>
</meta>
</MetaData>
<Attributes/>
</Attribute>
<Attribute id="bug_severity">
<values>
<value>normal</value>
</values>
<options>
<option>
<key>blocker</key>
<value>blocker</value>
</option>
<option>
<key>critical</key>
<value>critical</value>
</option>
<option>
<key>major</key>
<value>major</value>
</option>
<option>
<key>normal</key>
<value>normal</value>
</option>
<option>
<key>minor</key>
<value>minor</value>
</option>
<option>
<key>trivial</key>
<value>trivial</value>
</option>
<option>
<key>enhancement</key>
<value>enhancement</value>
</option>
</options>
<MetaData>
<meta>
<key>task.meta.readOnly</key>
<value>false</value>
</meta>
<meta>
<key>task.meta.type</key>
<value>singleSelect</value>
</meta>
<meta>
<key>task.meta.required</key>
<value>false</value>
</meta>
<meta>
<key>task.meta.attributeKind</key>
<value>task.common.kind.default</value>
</meta>
<meta>
<key>task.meta.label</key>
<value>Severity:</value>
</meta>
</MetaData>
<Attributes/>
</Attribute>
<Attribute id="assigned_to">
<values>
<value/>
</values>
<options/>
<MetaData>
<meta>
<key>task.meta.readOnly</key>
<value>false</value>
</meta>
<meta>
<key>task.meta.type</key>
<value>person</value>
</meta>
<meta>
<key>task.meta.required</key>
<value>false</value>
</meta>
<meta>
<key>task.meta.attributeKind</key>
<value>task.common.kind.people</value>
</meta>
<meta>
<key>task.meta.label</key>
<value>Assigned to:</value>
</meta>
</MetaData>
<Attributes/>
</Attribute>
<Attribute id="qa_contact">
<values>
<value/>
</values>
<options/>
<MetaData>
<meta>
<key>task.meta.readOnly</key>
<value>false</value>
</meta>
<meta>
<key>task.meta.type</key>
<value>person</value>
</meta>
<meta>
<key>task.meta.required</key>
<value>false</value>
</meta>
<meta>
<key>task.meta.attributeKind</key>
<value>task.common.kind.people</value>
</meta>
<meta>
<key>task.meta.label</key>
<value>QA Contact:</value>
</meta>
</MetaData>
<Attributes/>
</Attribute>
<Attribute id="bug_file_loc">
<values>
<value>http://</value>
</values>
<options/>
<MetaData>
<meta>
<key>task.meta.readOnly</key>
<value>false</value>
</meta>
<meta>
<key>task.meta.type</key>
<value>url</value>
</meta>
<meta>
<key>task.meta.required</key>
<value>false</value>
</meta>
<meta>
<key>task.meta.attributeKind</key>
<value>task.common.kind.default</value>
</meta>
<meta>
<key>task.meta.label</key>
<value>URL:</value>
</meta>
</MetaData>
<Attributes/>
</Attribute>
<Attribute id="dependson">
<values/>
<options/>
<MetaData>
<meta>
<key>task.meta.readOnly</key>
<value>false</value>
</meta>
<meta>
<key>task.meta.type</key>
<value>taskDepenedency</value>
</meta>
<meta>
<key>task.meta.required</key>
<value>false</value>
</meta>
<meta>
<key>task.meta.attributeKind</key>
<value>task.common.kind.default</value>
</meta>
<meta>
<key>task.meta.label</key>
<value>Depends on (Subtasks):</value>
</meta>
</MetaData>
<Attributes/>
</Attribute>
<Attribute id="blocked">
<values/>
<options/>
<MetaData>
<meta>
<key>task.meta.readOnly</key>
<value>false</value>
</meta>
<meta>
<key>task.meta.type</key>
<value>taskDepenedency</value>
</meta>
<meta>
<key>task.meta.required</key>
<value>false</value>
</meta>
<meta>
<key>task.meta.attributeKind</key>
<value>task.common.kind.default</value>
</meta>
<meta>
<key>task.meta.label</key>
<value>Blocks:</value>
</meta>
</MetaData>
<Attributes/>
</Attribute>
<Attribute id="newcc">
<values/>
<options/>
<MetaData>
<meta>
<key>task.meta.readOnly</key>
<value>false</value>
</meta>
<meta>
<key>task.meta.type</key>
<value>person</value>
</meta>
<meta>
<key>task.meta.required</key>
<value>false</value>
</meta>
<meta>
<key>task.meta.attributeKind</key>
<value>task.common.kind.people</value>
</meta>
<meta>
<key>task.meta.label</key>
<value>Add CC:</value>
</meta>
</MetaData>
<Attributes/>
</Attribute>
<Attribute id="long_desc">
<values/>
<options/>
<MetaData>
<meta>
<key>task.meta.readOnly</key>
<value>false</value>
</meta>
<meta>
<key>task.meta.type</key>
<value>longRichText</value>
</meta>
<meta>
<key>task.meta.required</key>
<value>false</value>
</meta>
<meta>
<key>task.meta.label</key>
<value>Description:</value>
</meta>
</MetaData>
<Attributes/>
</Attribute>
<Attribute id="keywords">
<values/>
<options/>
<MetaData>
<meta>
<key>task.meta.readOnly</key>
<value>false</value>
</meta>
<meta>
<key>task.meta.type</key>
<value>bugzilla.editor.keywords</value>
</meta>
<meta>
<key>task.meta.required</key>
<value>false</value>
</meta>
<meta>
<key>task.meta.attributeKind</key>
<value>task.common.kind.default</value>
</meta>
<meta>
<key>task.meta.label</key>
<value>Keywords:</value>
</meta>
</MetaData>
<Attributes/>
</Attribute>
</Attributes>
</Attribute>
</Attributes>
</OldData>
<EditsData connectorKind="bugzilla" repositoryUrl="https://bugs.eclipse.org/bugs" taskId="" version="4.8">
<Attributes>
<Attribute id="root">
<values/>
<options/>
<MetaData/>
<Attributes/>
</Attribute>
</Attributes>
</EditsData>
</TaskState>
